{"LinearDiscriminantAnalysis": {"solver": "svd"}, "GaussianNB": {"var_smoothing": 1e-08}, "MLPClassifier": {"activation": "logistic", "alpha": 1e-05, "hidden_layer_sizes": [20], "learning_rate": "constant"}, "LogisticRegression": {"fit_intercept": false, "penalty": "l2", "solver": "lbfgs"}, "KNeighborsClassifier": {"algorithm": "ball_tree", "n_neighbors": 21, "p": 1, "weights": "distance"}, "DecisionTreeClassifier": {"criterion": "gini", "max_depth": 10, "max_features": "sqrt", "min_samples_leaf": 1, "min_samples_split": 5}, "SVC": {"C": 0.2, "gamma": "scale", "kernel": "linear"}, "RandomForestClassifier": {"bootstrap": true, "criterion": "entropy", "max_depth": 20, "max_features": "auto", "min_samples_leaf": 4, "min_samples_split": 10, "n_estimators": 50}, "GradientBoostingClassifier": {"criterion": "squared_error", "loss": "exponential", "max_depth": null, "max_features": "sqrt", "min_samples_leaf": 4, "min_samples_split": 10, "n_estimators": 100, "subsample": 1}}