{"LinearDiscriminantAnalysis": {"solver": "svd"}, "GaussianNB": {"var_smoothing": 1e-08}, "MLPClassifier": {"activation": "tanh", "alpha": 0.001, "hidden_layer_sizes": [200], "learning_rate": "constant"}, "LogisticRegression": {"fit_intercept": true, "penalty": "l1", "solver": "saga"}, "KNeighborsClassifier": {"algorithm": "ball_tree", "n_neighbors": 31, "p": 1, "weights": "uniform"}, "DecisionTreeClassifier": {"criterion": "gini", "max_depth": 10, "max_features": "sqrt", "min_samples_leaf": 4, "min_samples_split": 2}, "SVC": {"C": 0.2, "gamma": "scale", "kernel": "poly"}, "RandomForestClassifier": {"bootstrap": true, "criterion": "entropy", "max_depth": 80, "max_features": "auto", "min_samples_leaf": 2, "min_samples_split": 2, "n_estimators": 50}, "GradientBoostingClassifier": {"criterion": "friedman_mse", "loss": "deviance", "max_depth": null, "max_features": "sqrt", "min_samples_leaf": 4, "min_samples_split": 2, "n_estimators": 100, "subsample": 1}}