{"LinearDiscriminantAnalysis": {"solver": "svd"}, "GaussianNB": {"var_smoothing": 1e-08}, "MLPClassifier": {"activation": "logistic", "alpha": 0.0001, "hidden_layer_sizes": [400], "learning_rate": "invscaling"}, "LogisticRegression": {"fit_intercept": true, "penalty": "l1", "solver": "saga"}, "KNeighborsClassifier": {"algorithm": "ball_tree", "n_neighbors": 31, "p": 1, "weights": "uniform"}, "DecisionTreeClassifier": {"criterion": "entropy", "max_depth": 10, "max_features": "sqrt", "min_samples_leaf": 4, "min_samples_split": 2}, "SVC": {"C": 1, "gamma": "auto", "kernel": "rbf"}, "RandomForestClassifier": {"bootstrap": false, "criterion": "entropy", "max_depth": 60, "max_features": "auto", "min_samples_leaf": 1, "min_samples_split": 2, "n_estimators": 200}, "GradientBoostingClassifier": {"criterion": "friedman_mse", "loss": "exponential", "max_depth": 50, "max_features": "sqrt", "min_samples_leaf": 4, "min_samples_split": 5, "n_estimators": 200, "subsample": 1}}