{
    "LinearDiscriminantAnalysis": {"solver": "svd"},
    "GaussianNB": {"var_smoothing": 1e-08},
    "MLPClassifier": {"activation": "tanh", "alpha": 1e-05, "hidden_layer_sizes": [50], "learning_rate": "invscaling"},
    "LogisticRegression": {"fit_intercept": false, "penalty": "l1", "solver": "liblinear"},
    "KNeighborsClassifier": {"algorithm": "ball_tree", "n_neighbors": 9, "p": 1, "weights": "distance"},
    "DecisionTreeClassifier": {"criterion": "entropy", "max_depth": 10, "max_features": "sqrt", "min_samples_leaf": 2, "min_samples_split": 5},
    "SVC": {"C": 0.2, "gamma": "scale", "kernel": "linear"},
    "RandomForestClassifier": {"bootstrap": true, "criterion": "gini", "max_depth": 40, "max_features": "sqrt", "min_samples_leaf": 4, "min_samples_split": 5, "n_estimators": 1000},
    "GradientBoostingClassifier": {"criterion": "squared_error", "loss": "exponential", "max_depth": 20, "max_features": "sqrt", "min_samples_leaf": 4, "min_samples_split": 5, "n_estimators": 200, "subsample": 1}
}